round,protocol,stage,status,wall_seconds,input_tokens,output_tokens,total_tokens,model_calls
1,MQTT,prepare,passed,1.552,0,0,0,0
1,MQTT,facts,passed,135.601,641748,34784,676532,18
1,MQTT,design,passed,583.0,1529870,143325,1673195,47
1,MQTT,specs,passed,1359.478,6712172,319590,7031762,165
1,MQTT,code,passed,470.3,4406767,98198,4504965,129
1,MQTT,verify,passed,0.011,0,0,0,0
1,CoAP,prepare,passed,0.013,0,0,0,0
1,CoAP,facts,passed,86.716,589029,21502,610531,18
1,CoAP,design,passed,479.058,2048473,117072,2165545,57
1,CoAP,specs,passed,1207.141,8208368,278475,8486843,188
1,CoAP,code,passed,983.949,8033370,204454,8237824,221
1,CoAP,verify,passed,0.01,0,0,0,0
1,HTTP/1.1,prepare,passed,0.03,0,0,0,0
1,HTTP/1.1,facts,passed,135.576,1141244,31188,1172432,32
1,HTTP/1.1,design,passed,631.596,2444588,155724,2600312,65
1,HTTP/1.1,specs,passed,1385.951,8239286,326572,8565858,196
1,HTTP/1.1,code,passed,811.279,6527984,171051,6699035,179
1,HTTP/1.1,verify,passed,0.015,0,0,0,0
1,SMTP,prepare,passed,0.013,0,0,0,0
1,SMTP,facts,passed,148.44,518813,35884,554697,18
1,SMTP,design,passed,662.599,2138457,160414,2298871,66
1,SMTP,specs,passed,1390.958,8214130,304168,8518298,223
1,SMTP,code,passed,1301.559,9306639,254389,9561028,240
1,SMTP,verify,passed,0.013,0,0,0,0
2,MQTT,prepare,passed,1.549,0,0,0,0
2,MQTT,facts,passed,98.853,706731,24064,730795,18
2,MQTT,design,passed,679.042,2015152,166480,2181632,59
2,MQTT,specs,passed,1322.139,5767775,325071,6092846,148
2,MQTT,code,passed,638.653,4813074,142249,4955323,130
2,MQTT,verify,passed,0.012,0,0,0,0
2,CoAP,prepare,passed,0.015,0,0,0,0
2,CoAP,facts,passed,122.2,751180,28179,779359,25
2,CoAP,design,passed,971.29,3470031,246407,3716438,96
2,CoAP,specs,failed,1260.166,6579802,314110,6893912,162
2,CoAP,code,pending,0,0,0,0,0
2,CoAP,verify,pending,0,0,0,0,0
2,HTTP/1.1,prepare,passed,0.035,0,0,0,0
2,HTTP/1.1,facts,passed,158.992,1547747,36235,1583982,40
2,HTTP/1.1,design,passed,767.693,3640242,173614,3813856,92
2,HTTP/1.1,specs,passed,1571.925,8853612,361451,9215063,225
2,HTTP/1.1,code,passed,734.615,5057608,154011,5211619,154
2,HTTP/1.1,verify,passed,0.016,0,0,0,0
2,SMTP,prepare,passed,0.011,0,0,0,0
2,SMTP,facts,passed,157.35,823116,37318,860434,29
2,SMTP,design,passed,781.62,2097722,186321,2284043,62
2,SMTP,specs,passed,1226.806,5752839,298701,6051540,146
2,SMTP,code,passed,447.427,3997335,93617,4090952,113
2,SMTP,verify,passed,0.011,0,0,0,0
3,MQTT,prepare,passed,1.386,0,0,0,0
3,MQTT,facts,passed,132.483,1051210,28908,1080118,33
3,MQTT,design,passed,528.197,1824141,128199,1952340,48
3,MQTT,specs,passed,1534.807,6452793,355307,6808100,163
3,MQTT,code,passed,1023.391,6181710,193369,6375079,171
3,MQTT,verify,passed,0.013,0,0,0,0
3,CoAP,prepare,passed,0.015,0,0,0,0
3,CoAP,facts,passed,101.974,762935,23060,785995,22
3,CoAP,design,passed,732.43,2748901,170169,2919070,78
3,CoAP,specs,passed,1484.682,7762866,330067,8092933,192
3,CoAP,code,passed,543.616,4541649,95249,4636898,126
3,CoAP,verify,passed,0.012,0,0,0,0
3,HTTP/1.1,prepare,passed,0.03,0,0,0,0
3,HTTP/1.1,facts,passed,142.341,968269,30821,999090,31
3,HTTP/1.1,design,passed,581.981,1424757,137524,1562281,41
3,HTTP/1.1,specs,passed,1680.709,8503673,376301,8879974,203
3,HTTP/1.1,code,passed,637.534,5006592,120181,5126773,138
3,HTTP/1.1,verify,passed,0.015,0,0,0,0
3,SMTP,prepare,passed,0.013,0,0,0,0
3,SMTP,facts,passed,145.976,793279,32905,826184,26
3,SMTP,design,passed,543.273,1804367,133910,1938277,50
3,SMTP,specs,passed,1457.779,7391642,318204,7709846,180
3,SMTP,code,passed,1048.918,6631666,166069,6797735,176
3,SMTP,verify,passed,0.015,0,0,0,0
